term,occurrences,default_recognized,custom_recognized,default_rate,custom_rate
정찰위성,31,25,31,0.8064516129032258,1.0
라팔,26,13,26,0.5,1.0
아파치,22,22,20,1.0,0.9090909090909091
장갑차,21,21,19,1.0,0.9047619047619048
경항공모함,17,17,17,1.0,1.0
장사정포,16,16,16,1.0,1.0
J-20,14,0,6,0.0,0.42857142857142855
5세대 전투기,13,0,13,0.0,1.0
함포,12,12,12,1.0,1.0
T-50,12,0,8,0.0,0.6666666666666666
천궁,12,12,12,1.0,1.0
지뢰,11,11,11,1.0,1.0
상륙돌격장갑차,11,0,11,0.0,1.0
대륙간탄도미사일,10,0,10,0.0,1.0
사드,10,10,10,1.0,1.0
